Date,Product,Category,Quantity,Price,Revenue,Customer,Region
2024-01-05,Cloud Ultra Laptop,Computers,2,85000,170000,Aarav Patel,West
2024-01-08,Ergo Wireless Mouse,Accessories,4,2499,9996,Priya Sharma,North
2024-01-12,Pro Noise-Canceling Headset,Audio,1,14990,14990,Vikram Malhotra,South
2024-01-15,4K UltraSharp Monitor,Displays,2,32000,64000,Ananya Iyer,East
2024-01-19,Mechanical RGB Keyboard,Accessories,3,4999,14997,Rohan Mehta,North
2024-01-22,USB-C Dual Dock,Accessories,1,5500,5500,Neha Gupta,West
2024-01-26,Cloud Ultra Laptop,Computers,1,85000,85000,Karan Verma,South
2024-01-29,Smart Desk Lamp,Lighting,5,1999,9995,Sneha Joshi,East
2024-02-02,Ergo Wireless Mouse,Accessories,3,2499,7497,Aarav Patel,West
2024-02-05,Pro Noise-Canceling Headset,Audio,2,14990,29980,Aditya Nair,South
2024-02-09,Cloud Ultra Laptop,Computers,3,85000,255000,Meera Sen,East
2024-02-14,4K UltraSharp Monitor,Displays,1,32000,32000,Pooja Reddy,South
2024-02-18,Leather Desk Pad,Accessories,4,1299,5196,Deepak Choudhary,North
2024-02-22,Mechanical RGB Keyboard,Accessories,2,4999,9998,Sunita Roy,West
2024-02-26,USB-C Dual Dock,Accessories,1,5500,5500,Nikhil Kulkarni,West
2024-03-02,Cloud Ultra Laptop,Computers,2,85000,170000,Vikram Malhotra,South
2024-03-06,Ergo Wireless Mouse,Accessories,5,2499,12495,Rohan Mehta,North
2024-03-10,Pro Noise-Canceling Headset,Audio,3,14990,44970,Ananya Iyer,East
2024-03-14,4K UltraSharp Monitor,Displays,2,32000,64000,Tarun Kapoor,North
2024-03-18,Smart Desk Lamp,Lighting,2,1999,3998,Shalini Bansal,West
2024-03-23,Cloud Ultra Laptop,Computers,1,85000,85000,Gaurav Singhal,East
2024-03-27,Leather Desk Pad,Accessories,6,1299,7794,Kavita Rao,South
2024-03-30,Mechanical RGB Keyboard,Accessories,4,4999,19996,Arjun Bhatia,North
2024-04-03,Cloud Ultra Laptop,Computers,2,85000,170000,Priya Sharma,North
2024-04-07,4K UltraSharp Monitor,Displays,3,32000,96000,Aarav Patel,West
2024-04-11,Pro Noise-Canceling Headset,Audio,2,14990,29980,Sameer Saxena,West
2024-04-15,Ergo Wireless Mouse,Accessories,6,2499,14994,Divya Nambiar,South
2024-04-19,Mechanical RGB Keyboard,Accessories,2,4999,9998,Harish Jain,East
2024-04-23,Smart Desk Lamp,Lighting,4,1999,7996,Radhika Menon,South
2024-04-27,USB-C Dual Dock,Accessories,1,5500,5500,Manish Tiwari,North
2024-05-02,Cloud Ultra Laptop,Computers,3,85000,255000,Vikram Malhotra,South
2024-05-06,4K UltraSharp Monitor,Displays,2,32000,64000,Ananya Iyer,East
2024-05-11,Pro Noise-Canceling Headset,Audio,4,14990,59960,Rajesh Pillai,South
2024-05-15,Ergo Wireless Mouse,Accessories,8,2499,19992,Pooja Reddy,South
2024-05-20,Leather Desk Pad,Accessories,5,1299,6495,Sunita Roy,West
2024-05-25,Cloud Ultra Laptop,Computers,2,85000,170000,Karan Verma,South
2024-05-29,Mechanical RGB Keyboard,Accessories,3,4999,14997,Rohan Mehta,North
2024-06-03,Cloud Ultra Laptop,Computers,4,85000,340000,Amitabh Sen,East
2024-06-08,4K UltraSharp Monitor,Displays,3,32000,96000,Shweta Deshmukh,West
2024-06-12,Pro Noise-Canceling Headset,Audio,2,14990,29980,Aarav Patel,West
2024-06-17,Ergo Wireless Mouse,Accessories,7,2499,17493,Deepak Choudhary,North
2024-06-22,Smart Desk Lamp,Lighting,3,1999,5997,Nikhil Kulkarni,West
2024-06-26,Mechanical RGB Keyboard,Accessories,4,4999,19996,Priya Sharma,North
2024-06-29,Cloud Ultra Laptop,Computers,2,85000,170000,Tarun Kapoor,North
